Customer Names,Address,,,,,
Suman Murray,"360 Somerset St, New Brunswick, NJ 08901",,,,,
Mitchel Schofield,"15 Wilcox Rd, New Brunswick, NJ 08901",,,,,
Anja Espinoza,"10 Voorhees Rd, New Brunswick, NJ 08901",,,,,
Fox Trujillo,"57 Pennington Rd, New Brunswick, NJ 08901",,,,,
Jobe Abbott,"17 Goodale Cir, New Brunswick, NJ 08901",,,,,
Shaan Monroe,"80 Phelps Ave, New Brunswick, NJ 08901",,,,,
Billie-Jo Mcfarland,"6 Cobb Rd, New Brunswick, NJ 08901",,,,,
Leyla Oconnor,"90 Howard St, New Brunswick, NJ 08901",,,,,
Alfie-Jay Gould,"104 Howard St, New Brunswick, NJ 08901",,,,,
Viktor Clemons,"41 Renaissance Ln, New Brunswick, NJ 08901",,,,,
Kailum Velez,"100 Fulton Ct, New Brunswick, NJ 08901",,,,,
Nettie Waters,"175 Lawrence St, New Brunswick, NJ 08901",,,,,
Myron Iles,"14 Wright Pl, New Brunswick, NJ 08901",,,,,
Vivian Pierce,"57 Ray St, New Brunswick, NJ 08901",,,,,
Irene Worthington,"43 Jefferson Ave, New Brunswick, NJ 08901",,,,,
Timur Talbot,"105 Renaissance Ln, New Brunswick, NJ 08901",,,,,
Inara Kaiser,"35 S Talmadge St, New Brunswick, NJ 08901",,,,,
Mae Galindo,"5 Wellington Pl, New Brunswick, NJ 08901",,,,,
Ruby-Leigh Acevedo,"251 Joyce Kilmer Ave, New Brunswick, NJ 08901",,,,,
Vivek Potts,"313 Powers St, New Brunswick, NJ 08901",,,,,
